[
  {
    "id": "ps-001",
    "name": "Nebula Starter Pack",
    "category": "packs",
    "shortDescription": "Bundle compact pour démarrer.",
    "description": "Un pack simple, propre, efficace — parfait pour commencer et tester la qualité Premium Supply.",
    "details": [
      "Contenu: 3 items",
      "Édition limitée",
      "Packaging premium"
    ],
    "price": 89.0,
    "onSale": true,
    "salePrice": 69.0,
    "badge": "Sale",
    "images": [
      "assets/img/products/sample-1.svg"
    ],
    "createdAt": "2026-01-05"
  },
  {
    "id": "ps-002",
    "name": "Orbit Essentials",
    "category": "essentials",
    "shortDescription": "Les indispensables du quotidien.",
    "description": "Sélection d’essentiels avec un design futuriste et une finition premium.",
    "details": [
      "Qualité premium",
      "Durable",
      "Simplicité d’utilisation"
    ],
    "price": 39.0,
    "onSale": false,
    "salePrice": null,
    "badge": "Top",
    "images": [
      "assets/img/products/sample-2.svg"
    ],
    "createdAt": "2026-01-12"
  },
  {
    "id": "ps-003",
    "name": "Stellar Accessory Kit",
    "category": "accessories",
    "shortDescription": "Accessoires complémentaires.",
    "description": "Kit d’accessoires pour compléter ta collection et améliorer ton setup.",
    "details": [
      "Compatible universel",
      "Finition mate",
      "Poids léger"
    ],
    "price": 24.0,
    "onSale": true,
    "salePrice": 19.0,
    "badge": "Promo",
    "images": [
      "assets/img/products/sample-3.svg"
    ],
    "createdAt": "2026-01-15"
  },
  {
    "id": "ps-004",
    "name": "Hot Drop #04 — Aurora",
    "category": "hot-drops",
    "shortDescription": "Drop ultra limité.",
    "description": "Drop spécial Aurora — quantités limitées.",
    "details": [
      "Drop de la semaine",
      "Très limité",
      "Collection Hot Drops"
    ],
    "price": 59.0,
    "onSale": false,
    "salePrice": null,
    "badge": "Hot",
    "images": [
      "assets/img/products/sample-4.svg"
    ],
    "createdAt": "2026-01-20"
  },
  {
    "id": "ps-005",
    "name": "Hot Drop #05 — Comet",
    "category": "hot-drops",
    "shortDescription": "Drop express.",
    "description": "Comet arrive vite, repart vite. Prends-le avant la rupture.",
    "details": [
      "Rupture fréquente",
      "Finition premium",
      "Série Comet"
    ],
    "price": 64.0,
    "onSale": true,
    "salePrice": 54.0,
    "badge": "Sale",
    "images": [
      "assets/img/products/sample-5.svg"
    ],
    "createdAt": "2026-01-22"
  },
  {
    "id": "ps-006",
    "name": "Nova New Arrival",
    "category": "new",
    "shortDescription": "Nouveau produit fraîchement ajouté.",
    "description": "Nova — minimaliste, futuriste, efficace.",
    "details": [
      "Nouveau",
      "Design épuré",
      "Qualité Premium Supply"
    ],
    "price": 49.0,
    "onSale": false,
    "salePrice": null,
    "badge": "New",
    "images": [
      "assets/img/products/sample-6.svg"
    ],
    "createdAt": "2026-01-24"
  },
  {
    "id": "ps-007",
    "name": "Eclipse Pack",
    "category": "packs",
    "shortDescription": "Pack complet pour aller plus loin.",
    "description": "Eclipse — le bundle pour ceux qui veulent tout en une seule commande.",
    "details": [
      "Bundle complet",
      "Économie",
      "Contenu surprise"
    ],
    "price": 129.0,
    "onSale": true,
    "salePrice": 109.0,
    "badge": "Promo",
    "images": [
      "assets/img/products/sample-7.svg"
    ],
    "createdAt": "2026-01-10"
  },
  {
    "id": "ps-008",
    "name": "Pulse Essential",
    "category": "essentials",
    "shortDescription": "Essentiel simple et stylé.",
    "description": "Pulse — l’essentiel qui s’adapte à tout.",
    "details": [
      "Fiable",
      "Compact",
      "Facile à utiliser"
    ],
    "price": 29.0,
    "onSale": true,
    "salePrice": 23.0,
    "badge": "Sale",
    "images": [
      "assets/img/products/sample-8.svg"
    ],
    "createdAt": "2026-01-08"
  },
  {
    "id": "ps-009",
    "name": "Orbit Mini Accessory",
    "category": "accessories",
    "shortDescription": "Petit accessoire pratique.",
    "description": "Un mini accessoire qui fait la différence.",
    "details": [
      "Petit format",
      "Look futuriste",
      "Très pratique"
    ],
    "price": 15.0,
    "onSale": false,
    "salePrice": null,
    "badge": "",
    "images": [
      "assets/img/products/sample-9.svg"
    ],
    "createdAt": "2026-01-02"
  },
  {
    "id": "ps-010",
    "name": "Promo Mystery Item",
    "category": "promo",
    "shortDescription": "Mystère + réduction.",
    "description": "Un item surprise à prix réduit. Stock ultra limité.",
    "details": [
      "Surprise",
      "Prix réduit",
      "Stock limité"
    ],
    "price": 25.0,
    "onSale": true,
    "salePrice": 15.0,
    "badge": "Sale",
    "images": [
      "assets/img/products/sample-10.svg"
    ],
    "createdAt": "2026-01-25"
  },
  {
    "id": "ps-011",
    "name": "Promo Bundle — Duo",
    "category": "promo",
    "shortDescription": "Deux items en promo.",
    "description": "Bundle Duo — le meilleur ratio valeur/prix en promo.",
    "details": [
      "Bundle",
      "Promo",
      "Quantités limitées"
    ],
    "price": 78.0,
    "onSale": true,
    "salePrice": 58.0,
    "badge": "Promo",
    "images": [
      "assets/img/products/sample-11.svg"
    ],
    "createdAt": "2026-01-18"
  },
  {
    "id": "ps-012",
    "name": "New Drop — Zenith",
    "category": "new",
    "shortDescription": "Dernier drop.",
    "description": "Zenith — nouveau drop avec une finition ultra clean.",
    "details": [
      "Nouveau",
      "Très clean",
      "Édition limitée"
    ],
    "price": 74.0,
    "onSale": false,
    "salePrice": null,
    "badge": "New",
    "images": [
      "assets/img/products/sample-12.svg"
    ],
    "createdAt": "2026-01-26"
  }
]